{
    "0 Rh-": {
        "Białystok":3,
        "Bydgoszcz":2,
        "Gdańsk": 3,
        "Kalisz": 3,
        "Katowice": 2,
        "Kielce": 3,
        "Kraków": 3,
        "Lublin": 3,
        "Łódź": 2,
        "Olsztyn": 3,
        "Opole": 3,
        "Poznań": 3,
        "Racibórz": 2,
        "Radom": 3,
        "Rzeszów": 3,
        "Słupsk": 3,
        "Szczecin": 3,
        "Wałbrzych": 3,
        "Warszawa": 3,
        "Wrocław": 2,
        "Zielona Góra": 3
    },
    "0 Rh+": {
        "białystok": 2,
        "Bydgoszcz": 2,
        "gdańsk": 2,
        "kalisz": 11,
        "katowice": 11,
        "Kielce": 1,
        "kraków": 11,
        "Lublin": 2,
        "Łódź": 2,
        "Olsztyn": 2,
        "Opole": 11,
        "poznań": 3,
        "racibórz": 1,
        "radom": 2,
        "Rzeszów": 1,
        "Słupsk": 1,
        "Szczecin": 1,
        "wałbrzych": 2,
        "warszawa": 1,
        "wrocław": 1,
        "zielona Góra": 1
    },
    "A Rh-": {
        "Białystok": 2,
        "Bydgoszcz": 1,
        "Gdańsk": 3,
        "Kalisz": 3,
        "Katowice": 11,
        "Kielce": 1,
        "Kraków": 3,
        "Lublin": 3,
        "Łódź": 3,
        "Olsztyn": 2,
        "Opole": 3,
        "Poznań": 2,
        "Racibórz": 3,
        "Radom": 3,
        "Rzeszów": 3,
        "Słupsk": 3,
        "Szczecin": 3,
        "Wałbrzych": 3,
        "Warszawa": 2,
        "Wrocław": 2,
        "Zielona Góra": 3
    },
    "A Rh+":{
        "Białystok": 2,
        "Bydgoszcz": 2,
        "Gdańsk": 3,
        "Kalisz": 1,
        "Katowice": 11,
        "Kielce": 2,
        "Kraków": 3,
        "Lublin": 3,
        "Łódź": 1,
        "Olsztyn": 2,
        "Opole": 3,
        "Poznań": 2,
        "Racibórz": 2,
        "Radom": 2,
        "Rzeszów": 2,
        "Słupsk": 0,
        "Szczecin": 1,
        "Wałbrzych": 2,
        "Warszawa": 2,
        "Wrocław": 2,
        "Zielona Góra": 11
    },
    "B Rh-": {
        "Białystok": 3,
        "Bydgoszcz": 3,
        "Gdańsk": 3,
        "Kalisz": 3,
        "Katowice": 11,
        "Kielce": 2,
        "Kraków": 2,
        "Lublin": 3,
        "Łódź": 1,
        "Olsztyn": 2,
        "Opole": 3,
        "Poznań": 3,
        "Racibórz": 3,
        "Radom": 3,
        "Rzeszów": 2,
        "Słupsk": 3,
        "Szczecin": 3,
        "Wałbrzych": 1,
        "Warszawa": 1,
        "Wrocław": 3,
        "Zielona Góra": 3
    },
    "B Rh+": {
        "Białystok": 1,
        "Bydgoszcz": 2,
        "Gdańsk": 1,
        "Kalisz": 11,
        "Katowice": 11,
        "Kielce": 1,
        "Kraków": 3,
        "Lublin": 1,
        "Łódź": 1,
        "Olsztyn": 1,
        "Opole": 11,
        "Poznań": 1,
        "Racibórz": 2,
        "Radom": 1,
        "Rzeszów": 2,
        "Słupsk": 0,
        "Szczecin": 1,
        "Wałbrzych": 2,
        "Warszawa": 1,
        "Wrocław": 2,
        "Zielona Góra": 11
    },
    "AB Rh-": {
        "Białystok": 3,
        "Bydgoszcz": 2,
        "Gdańsk": 3,
        "Kalisz": 3,
        "Katowice": 11,
        "Kielce": 1,
        "Kraków": 11,
        "Lublin": 1,
        "Łódź": 1,
        "Olsztyn": 1,
        "Opole": 3,
        "Poznań": 1,
        "Racibórz": 2,
        "Radom": 3,
        "Rzeszów": 3,
        "Słupsk": 1,
        "Szczecin": 3,
        "Wałbrzych": 11,
        "Warszawa": 1,
        "Wrocław": 1,
        "Zielona Góra": 3
    },
    "AB Rh+": {
        "Białystok": 1,
        "Bydgoszcz": 1,
        "Gdańsk": 1,
        "Kalisz": 11,
        "Katowice": 11,
        "Kielce": 11,
        "Kraków": 11,
        "Lublin": 1,
        "Łódź": 1,
        "Olsztyn": 1,
        "Opole": 11,
        "Poznań": 1,
        "Racibórz": 1,
        "Radom": 1,
        "Rzeszów": 1,
        "Słupsk": 0,
        "Szczecin": 1,
        "Wałbrzych": 11,
        "Warszawa": 1,
        "Wrocław": 1,
        "Zielona Góra": 11
    }
}
